symbol,type,mic_code
AAPL,STOCK,XNGS
MSFT,STOCK,XNGS
NVDA,STOCK,XNGS
AMZN,STOCK,XNGS
GOOGL,STOCK,XNGS
META,STOCK,XNGS
AVGO,STOCK,XNGS
TSLA,STOCK,XNGS
JPM,STOCK,XNYS
WMT,STOCK,XNGS
LLY,STOCK,XNYS
V,STOCK,XNYS
MA,STOCK,XNYS
ORCL,STOCK,XNYS
NFLX,STOCK,XNGS
XOM,STOCK,XNYS
COST,STOCK,XNGS
HD,STOCK,XNYS
PG,STOCK,XNYS
JNJ,STOCK,XNYS
ABBV,STOCK,XNYS
BAC,STOCK,XNYS
KO,STOCK,XNYS
PLTR,STOCK,XNGS
CRM,STOCK,XNYS
CSCO,STOCK,XNGS
CVX,STOCK,XNYS
IBM,STOCK,XNYS
MRK,STOCK,XNYS
GE,STOCK,XNYS
WFC,STOCK,XNYS
MCD,STOCK,XNYS
AMD,STOCK,XNGS
ABT,STOCK,XNYS
DIS,STOCK,XNYS
QCOM,STOCK,XNGS
INTU,STOCK,XNGS
CAT,STOCK,XNYS
AMGN,STOCK,XNGS
TMO,STOCK,XNYS
GS,STOCK,XNYS
RTX,STOCK,XNYS
NOW,STOCK,XNYS
TXN,STOCK,XNGS
ISRG,STOCK,XNGS
PEP,STOCK,XNGS
PM,STOCK,XNYS
AMAT,STOCK,XNGS
BKNG,STOCK,XNGS
LOW,STOCK,XNYS
SPGI,STOCK,XNYS
C,STOCK,XNYS
HON,STOCK,XNGS
UNH,STOCK,XNYS
DHR,STOCK,XNYS
NEE,STOCK,XNYS
PGR,STOCK,XNYS
BLK,STOCK,XNYS
SYK,STOCK,XNYS
ETN,STOCK,XNYS
BSX,STOCK,XNYS
GILD,STOCK,XNGS
DE,STOCK,XNYS
ADP,STOCK,XNGS
TJX,STOCK,XNYS
LMT,STOCK,XNYS
MU,STOCK,XNGS
PANW,STOCK,XNGS
MDLZ,STOCK,XNGS
CB,STOCK,XNYS
MRSH,STOCK,XNYS
ADI,STOCK,XNGS
COP,STOCK,XNYS
KLAC,STOCK,XNGS
CRWD,STOCK,XNGS
CEG,STOCK,XNGS
ICE,STOCK,XNYS
CME,STOCK,XNGS
SO,STOCK,XNYS
EQIX,STOCK,XNGS
FISV,STOCK,XNGS
AON,STOCK,XNYS
SHW,STOCK,XNYS
CL,STOCK,XNYS
APH,STOCK,XNYS
WM,STOCK,XNYS
MCO,STOCK,XNYS
PH,STOCK,XNYS
HCA,STOCK,XNYS
USB,STOCK,XNYS
PNC,STOCK,XNYS
GD,STOCK,XNYS
MSI,STOCK,XNYS
CI,STOCK,XNYS
ECL,STOCK,XNYS
ITW,STOCK,XNYS
ORLY,STOCK,XNGS
MAR,STOCK,XNGS
APD,STOCK,XNYS
SBUX,STOCK,XNGS
UPS,STOCK,XNYS
FDX,STOCK,XNYS
GM,STOCK,XNYS
F,STOCK,XNYS
SPY,ETF,ARCX
QQQ,ETF,XNMS
VOO,ETF,ARCX
IVV,ETF,ARCX
VTI,ETF,ARCX
IWM,ETF,ARCX
DIA,ETF,ARCX
EFA,ETF,ARCX
EEM,ETF,ARCX
VXUS,ETF,XNMS
VEA,ETF,ARCX
VWO,ETF,ARCX
VT,ETF,ARCX
ACWI,ETF,XNMS
RSP,ETF,ARCX
SCHD,ETF,ARCX
VIG,ETF,ARCX
VYM,ETF,ARCX
AGG,ETF,ARCX
BND,ETF,XNMS
TLT,ETF,XNMS
IEF,ETF,XNMS
SHY,ETF,XNMS
LQD,ETF,ARCX
HYG,ETF,ARCX
TIP,ETF,ARCX
GLD,ETF,ARCX
SLV,ETF,ARCX
USO,ETF,ARCX
XLE,ETF,ARCX
XLK,ETF,ARCX
XLF,ETF,ARCX
XLV,ETF,ARCX
XLI,ETF,ARCX
XLY,ETF,ARCX
XLP,ETF,ARCX
XLU,ETF,ARCX
XLRE,ETF,ARCX
BTC/USD,CRYPTO,
ETH/USD,CRYPTO,
BNB/USD,CRYPTO,
XRP/USD,CRYPTO,
SOL/USD,CRYPTO,
ADA/USD,CRYPTO,
DOGE/USD,CRYPTO,
TRX/USD,CRYPTO,
AVAX/USD,CRYPTO,
LINK/USD,CRYPTO,
DOT/USD,CRYPTO,
BCH/USD,CRYPTO,
LTC/USD,CRYPTO,
XLM/USD,CRYPTO,
UNI/USD,CRYPTO,
ATOM/USD,CRYPTO,
ETC/USD,CRYPTO,
NEAR/USD,CRYPTO,
FIL/USD,CRYPTO,
AAVE/USD,CRYPTO,
ALGO/USD,CRYPTO,
ICP/USD,CRYPTO,
HBAR/USD,CRYPTO,
XMR/USD,CRYPTO,
TON/USD,CRYPTO,
EUR/USD,FOREX,
USD/JPY,FOREX,
GBP/USD,FOREX,
USD/CHF,FOREX,
AUD/USD,FOREX,
USD/CAD,FOREX,
NZD/USD,FOREX,
EUR/GBP,FOREX,
EUR/JPY,FOREX,
GBP/JPY,FOREX,
EUR/CHF,FOREX,
EUR/AUD,FOREX,
EUR/CAD,FOREX,
GBP/CHF,FOREX,
GBP/AUD,FOREX,
GBP/CAD,FOREX,
AUD/JPY,FOREX,
AUD/NZD,FOREX,
AUD/CAD,FOREX,
CAD/JPY,FOREX,
CHF/JPY,FOREX,
NZD/JPY,FOREX,
NZD/CAD,FOREX,
USD/CNH,FOREX,
USD/SGD,FOREX,
GCUSD,COMMODITY,
SIUSD,COMMODITY,
PLUSD,COMMODITY,
PAUSD,COMMODITY,
CLUSD,COMMODITY,
BZUSD,COMMODITY,
HGUSD,COMMODITY,
NGUSD,COMMODITY,
